timeStamp,elapsed,label,responseCode,responseMessage,threadName,dataType,success,failureMessage,bytes,sentBytes,grpThreads,allThreads,Latency,IdleTime,Connect
1723255313049,4160,HTTP Request,Non HTTP response code: java.net.ConnectException,Non HTTP response message: Connection refused: connect,Thread Group 1-1,text,false,,2225,0,5,5,0,0,4159
1723255313978,4102,HTTP Request,Non HTTP response code: java.net.ConnectException,Non HTTP response message: Connection refused: connect,Thread Group 1-2,text,false,,2225,0,6,6,0,0,4102
1723255314980,4097,HTTP Request,Non HTTP response code: java.net.ConnectException,Non HTTP response message: Connection refused: connect,Thread Group 1-3,text,false,,2225,0,7,7,0,0,4097
1723255315981,4100,HTTP Request,Non HTTP response code: java.net.ConnectException,Non HTTP response message: Connection refused: connect,Thread Group 1-4,text,false,,2225,0,8,8,0,0,4100
1723255316981,4083,HTTP Request,Non HTTP response code: java.net.ConnectException,Non HTTP response message: Connection refused: connect,Thread Group 1-5,text,false,,2225,0,9,9,0,0,4083
1723255317212,4100,HTTP Request,Non HTTP response code: java.net.ConnectException,Non HTTP response message: Connection refused: connect,Thread Group 1-1,text,false,,2225,0,9,9,0,0,4100
1723255317971,4103,HTTP Request,Non HTTP response code: java.net.ConnectException,Non HTTP response message: Connection refused: connect,Thread Group 1-6,text,false,,2225,0,10,10,0,0,4103
1723255318080,4086,HTTP Request,Non HTTP response code: java.net.ConnectException,Non HTTP response message: Connection refused: connect,Thread Group 1-2,text,false,,2225,0,10,10,0,0,4086
1723255318980,4079,HTTP Request,Non HTTP response code: java.net.ConnectException,Non HTTP response message: Connection refused: connect,Thread Group 1-7,text,false,,2225,0,10,10,0,0,4079
1723255319077,4075,HTTP Request,Non HTTP response code: java.net.ConnectException,Non HTTP response message: Connection refused: connect,Thread Group 1-3,text,false,,2225,0,10,10,0,0,4074
1723255319981,4085,HTTP Request,Non HTTP response code: java.net.ConnectException,Non HTTP response message: Connection refused: connect,Thread Group 1-8,text,false,,2225,0,10,10,0,0,4085
1723255320082,4093,HTTP Request,Non HTTP response code: java.net.ConnectException,Non HTTP response message: Connection refused: connect,Thread Group 1-4,text,false,,2225,0,10,10,0,0,4093
1723255320980,4079,HTTP Request,Non HTTP response code: java.net.ConnectException,Non HTTP response message: Connection refused: connect,Thread Group 1-9,text,false,,2225,0,10,10,0,0,4079
1723255321063,4088,HTTP Request,Non HTTP response code: java.net.ConnectException,Non HTTP response message: Connection refused: connect,Thread Group 1-5,text,false,,2225,0,10,10,0,0,4088
1723255321311,4088,HTTP Request,Non HTTP response code: java.net.ConnectException,Non HTTP response message: Connection refused: connect,Thread Group 1-1,text,false,,2225,0,10,10,0,0,4088
1723255321968,4079,HTTP Request,Non HTTP response code: java.net.ConnectException,Non HTTP response message: Connection refused: connect,Thread Group 1-10,text,false,,2225,0,10,10,0,0,4079
1723255322073,4085,HTTP Request,Non HTTP response code: java.net.ConnectException,Non HTTP response message: Connection refused: connect,Thread Group 1-6,text,false,,2225,0,10,10,0,0,4085
1723255322167,4084,HTTP Request,Non HTTP response code: java.net.ConnectException,Non HTTP response message: Connection refused: connect,Thread Group 1-2,text,false,,2225,0,10,10,0,0,4084
1723255323060,4088,HTTP Request,Non HTTP response code: java.net.ConnectException,Non HTTP response message: Connection refused: connect,Thread Group 1-7,text,false,,2225,0,10,10,0,0,4088
1723255323152,4088,HTTP Request,Non HTTP response code: java.net.ConnectException,Non HTTP response message: Connection refused: connect,Thread Group 1-3,text,false,,2225,0,10,10,0,0,4088
1723255324066,4077,HTTP Request,Non HTTP response code: java.net.ConnectException,Non HTTP response message: Connection refused: connect,Thread Group 1-8,text,false,,2225,0,10,10,0,0,4077
1723255324176,4092,HTTP Request,Non HTTP response code: java.net.ConnectException,Non HTTP response message: Connection refused: connect,Thread Group 1-4,text,false,,2225,0,10,10,0,0,4092
1723255325059,4079,HTTP Request,Non HTTP response code: java.net.ConnectException,Non HTTP response message: Connection refused: connect,Thread Group 1-9,text,false,,2225,0,10,10,0,0,4079
1723255325151,4082,HTTP Request,Non HTTP response code: java.net.ConnectException,Non HTTP response message: Connection refused: connect,Thread Group 1-5,text,false,,2225,0,10,10,0,0,4082
1723255325400,4096,HTTP Request,Non HTTP response code: java.net.ConnectException,Non HTTP response message: Connection refused: connect,Thread Group 1-1,text,false,,2225,0,10,10,0,0,4096
1723255326048,4099,HTTP Request,Non HTTP response code: java.net.ConnectException,Non HTTP response message: Connection refused: connect,Thread Group 1-10,text,false,,2225,0,10,10,0,0,4098
1723255326158,4098,HTTP Request,Non HTTP response code: java.net.ConnectException,Non HTTP response message: Connection refused: connect,Thread Group 1-6,text,false,,2225,0,10,10,0,0,4098
1723255326252,4097,HTTP Request,Non HTTP response code: java.net.ConnectException,Non HTTP response message: Connection refused: connect,Thread Group 1-2,text,false,,2225,0,10,10,0,0,4097
1723255327148,4098,HTTP Request,Non HTTP response code: java.net.ConnectException,Non HTTP response message: Connection refused: connect,Thread Group 1-7,text,false,,2225,0,10,10,0,0,4098
1723255327241,4099,HTTP Request,Non HTTP response code: java.net.ConnectException,Non HTTP response message: Connection refused: connect,Thread Group 1-3,text,false,,2225,0,10,10,0,0,4099
1723255328143,4092,HTTP Request,Non HTTP response code: java.net.ConnectException,Non HTTP response message: Connection refused: connect,Thread Group 1-8,text,false,,2225,0,10,10,0,0,4092
1723255328268,4076,HTTP Request,Non HTTP response code: java.net.ConnectException,Non HTTP response message: Connection refused: connect,Thread Group 1-4,text,false,,2225,0,10,10,0,0,4076
1723255329138,4091,HTTP Request,Non HTTP response code: java.net.ConnectException,Non HTTP response message: Connection refused: connect,Thread Group 1-9,text,false,,2225,0,10,10,0,0,4091
1723255329234,4088,HTTP Request,Non HTTP response code: java.net.ConnectException,Non HTTP response message: Connection refused: connect,Thread Group 1-5,text,false,,2225,0,10,10,0,0,4088
1723255329496,4088,HTTP Request,Non HTTP response code: java.net.ConnectException,Non HTTP response message: Connection refused: connect,Thread Group 1-1,text,false,,2225,0,10,10,0,0,4088
1723255330147,4085,HTTP Request,Non HTTP response code: java.net.ConnectException,Non HTTP response message: Connection refused: connect,Thread Group 1-10,text,false,,2225,0,9,9,0,0,4085
1723255330256,4084,HTTP Request,Non HTTP response code: java.net.ConnectException,Non HTTP response message: Connection refused: connect,Thread Group 1-6,text,false,,2225,0,9,9,0,0,4084
1723255330349,4083,HTTP Request,Non HTTP response code: java.net.ConnectException,Non HTTP response message: Connection refused: connect,Thread Group 1-2,text,false,,2225,0,9,9,0,0,4083
1723255331247,4088,HTTP Request,Non HTTP response code: java.net.ConnectException,Non HTTP response message: Connection refused: connect,Thread Group 1-7,text,false,,2225,0,8,8,0,0,4088
1723255331341,4088,HTTP Request,Non HTTP response code: java.net.ConnectException,Non HTTP response message: Connection refused: connect,Thread Group 1-3,text,false,,2225,0,8,8,0,0,4088
1723255332236,4094,HTTP Request,Non HTTP response code: java.net.ConnectException,Non HTTP response message: Connection refused: connect,Thread Group 1-8,text,false,,2225,0,7,7,0,0,4093
1723255332344,4095,HTTP Request,Non HTTP response code: java.net.ConnectException,Non HTTP response message: Connection refused: connect,Thread Group 1-4,text,false,,2225,0,7,7,0,0,4095
1723255333229,4095,HTTP Request,Non HTTP response code: java.net.ConnectException,Non HTTP response message: Connection refused: connect,Thread Group 1-9,text,false,,2225,0,6,6,0,0,4095
1723255333322,4096,HTTP Request,Non HTTP response code: java.net.ConnectException,Non HTTP response message: Connection refused: connect,Thread Group 1-5,text,false,,2225,0,6,6,0,0,4096
1723255334232,4102,HTTP Request,Non HTTP response code: java.net.ConnectException,Non HTTP response message: Connection refused: connect,Thread Group 1-10,text,false,,2225,0,5,5,0,0,4102
1723255334341,4100,HTTP Request,Non HTTP response code: java.net.ConnectException,Non HTTP response message: Connection refused: connect,Thread Group 1-6,text,false,,2225,0,5,5,0,0,4100
1723255335336,4098,HTTP Request,Non HTTP response code: java.net.ConnectException,Non HTTP response message: Connection refused: connect,Thread Group 1-7,text,false,,2225,0,4,4,0,0,4098
1723255336330,4091,HTTP Request,Non HTTP response code: java.net.ConnectException,Non HTTP response message: Connection refused: connect,Thread Group 1-8,text,false,,2225,0,3,3,0,0,4091
1723255337325,4089,HTTP Request,Non HTTP response code: java.net.ConnectException,Non HTTP response message: Connection refused: connect,Thread Group 1-9,text,false,,2225,0,2,2,0,0,4089
1723255338335,4088,HTTP Request,Non HTTP response code: java.net.ConnectException,Non HTTP response message: Connection refused: connect,Thread Group 1-10,text,false,,2225,0,1,1,0,0,4088
